INSERT INTO "AUTH_USER" (ID, PASSWORD, LAST_LOGIN, IS_SUPERUSER, USERNAME, FIRST_NAME, LAST_NAME, EMAIL, IS_STAFF, IS_ACTIVE, DATE_JOINED)
VALUES (1, 'pbkdf2_sha256$36000$8i9JpNBCORum$8pCSw54e/vDhjHThh/h0X2kNjWxtfpC0BQ1liJY//kA=', '25.12.17 20:51:17,254815000', 0, 'ivan', 'Other', 'User', 'other@gmail.com', 0, 1, '25.12.17 20:51:16,924236000');
COMMIT;
INSERT INTO "AUTH_USER" (ID, PASSWORD, LAST_LOGIN, IS_SUPERUSER, USERNAME, FIRST_NAME, LAST_NAME, EMAIL, IS_STAFF, IS_ACTIVE, DATE_JOINED)
VALUES (2, 'pbkdf2_sha256$36000$1S4DFxOz9gIm$YhPgDjZxgxOez55AC4wZ/duwAAHyYOGk+gmcuC+ah9k=', '25.12.17 20:56:29,440541000', 1, 'IvantheTerrible', 'Admin', 'Admin', 'admin@gmail.com', 1, 1, '25.12.17 20:54:52,687304000');
COMMIT;

pbkdf2_sha256$36000$8i9JpNBCORum$8pCSw54e/vDhjHThh/h0X2kNjWxtfpC0BQ1liJY//kA=

INSERT INTO "TVPACKAGES_TVPACKAGE" (ID, PACKAGE_PRICE, PACKAGE_NAME, DESCRIPTION)
VALUES (1, 40, 'Package1', 'Description1');
COMMIT;
INSERT INTO "TVPACKAGES_TVPACKAGE" (ID, PACKAGE_PRICE, PACKAGE_NAME, DESCRIPTION)
VALUES (2, 60, 'Package2', 'Description2');
COMMIT;
INSERT INTO "TVPACKAGES_TVPACKAGE" (ID, PACKAGE_PRICE, PACKAGE_NAME, DESCRIPTION)
VALUES (3, 80, 'Package3', 'Description3');
COMMIT;

INSERT INTO "TVPACKAGES_TVCHANNEL" (ID, CHANNEL_NAME, CHANNEL_LANGUAGE, TIME_OF_BROADCASTING, DESCRIPTION)
VALUES (1, 'Channel1', 'Language1', 'Time1', 'Description1');
COMMIT;
INSERT INTO "TVPACKAGES_TVCHANNEL" (ID, CHANNEL_NAME, CHANNEL_LANGUAGE, TIME_OF_BROADCASTING, DESCRIPTION)
VALUES (2, 'Channel2', 'Language2', 'Time2', 'Description2');
COMMIT;
INSERT INTO "TVPACKAGES_TVCHANNEL" (ID, CHANNEL_NAME, CHANNEL_LANGUAGE, TIME_OF_BROADCASTING, DESCRIPTION)
VALUES (3, 'Channel3', 'Language3', 'Time3', 'Description3');
COMMIT;
INSERT INTO "TVPACKAGES_TVCHANNEL" (ID, CHANNEL_NAME, CHANNEL_LANGUAGE, TIME_OF_BROADCASTING, DESCRIPTION)
VALUES (4, 'Channel4', 'Language4', 'Time4', 'Description4');
COMMIT;
INSERT INTO "TVPACKAGES_TVCHANNEL" (ID, CHANNEL_NAME, CHANNEL_LANGUAGE, TIME_OF_BROADCASTING, DESCRIPTION)
VALUES (5, 'Channel5', 'Language5', 'Time5', 'Description5');
COMMIT;
INSERT INTO "TVPACKAGES_TVCHANNEL" (ID, CHANNEL_NAME, CHANNEL_LANGUAGE, TIME_OF_BROADCASTING, DESCRIPTION)
VALUES (6, 'Channel6', 'Language6', 'Time6', 'Description6');
COMMIT;
INSERT INTO "TVPACKAGES_TVCHANNEL" (ID, CHANNEL_NAME, CHANNEL_LANGUAGE, TIME_OF_BROADCASTING, DESCRIPTION)
VALUES (7, 'Channel7', 'Language7', 'Time7', 'Description7');
COMMIT;

INSERT INTO "TVPACKAGES_TVPACKAGE_CHANNEL" (ID, TVPACKAGE_ID, TVCHANNEL_ID)
VALUES (1, 1, 1);
COMMIT;
INSERT INTO "TVPACKAGES_TVPACKAGE_CHANNEL" (ID, TVPACKAGE_ID, TVCHANNEL_ID)
VALUES (2, 1, 2);
COMMIT;
INSERT INTO "TVPACKAGES_TVPACKAGE_CHANNEL" (ID, TVPACKAGE_ID, TVCHANNEL_ID)
VALUES (3, 1, 3);
COMMIT;
INSERT INTO "TVPACKAGES_TVPACKAGE_CHANNEL" (ID, TVPACKAGE_ID, TVCHANNEL_ID)
VALUES (4, 2, 2);
COMMIT;
INSERT INTO "TVPACKAGES_TVPACKAGE_CHANNEL" (ID, TVPACKAGE_ID, TVCHANNEL_ID)
VALUES (5, 2, 4);
COMMIT;
INSERT INTO "TVPACKAGES_TVPACKAGE_CHANNEL" (ID, TVPACKAGE_ID, TVCHANNEL_ID)
VALUES (6, 2, 5);
COMMIT;
INSERT INTO "TVPACKAGES_TVPACKAGE_CHANNEL" (ID, TVPACKAGE_ID, TVCHANNEL_ID)
VALUES (7, 2, 7);
COMMIT;
INSERT INTO "TVPACKAGES_TVPACKAGE_CHANNEL" (ID, TVPACKAGE_ID, TVCHANNEL_ID)
VALUES (8, 3, 6);
COMMIT;
INSERT INTO "TVPACKAGES_TVPACKAGE_CHANNEL" (ID, TVPACKAGE_ID, TVCHANNEL_ID)
VALUES (9, 3, 7);
COMMIT;


INSERT INTO "TVPACKAGES_ORDER" (ID, IS_DELETED, TV_PACKAGE_ID, USER_ID)
VALUES (1, 1, 2, 2);
COMMIT;
INSERT INTO "TVPACKAGES_ORDER" (ID, IS_DELETED, TV_PACKAGE_ID, USER_ID)
VALUES (2, 1, 2, 2);
COMMIT;
INSERT INTO "TVPACKAGES_ORDER" (ID, IS_DELETED, TV_PACKAGE_ID, USER_ID)
VALUES (3, 0, 2, 2);
COMMIT;
