--INSERT LINES OF POOLS
INSERT INTO "JONSNOW"."POOL" (LINE_ID, LINE_NUMBER, LINE_LENGTH, POOL_NAME) VALUES ('1267067617', '1', '25', 'Half');
INSERT INTO "JONSNOW"."POOL" (LINE_ID, LINE_NUMBER, LINE_LENGTH, POOL_NAME) VALUES ('1300944187', '2', '25', 'Half');
INSERT INTO "JONSNOW"."POOL" (LINE_ID, LINE_NUMBER, LINE_LENGTH, POOL_NAME) VALUES ('165915966', '3', '25', 'Half');
INSERT INTO "JONSNOW"."POOL" (LINE_ID, LINE_NUMBER, LINE_LENGTH, POOL_NAME) VALUES ('1811142220', '4', '25', 'Half');
--INSERT ROLE
INSERT INTO "JONSNOW"."ROLE" (ROLE_NAME, ROLE_DESCRIPTION) VALUES ('ADMIN', 'He is occupied by the administration of the sports complex. Has the right to add new administrators, coaches and clients to the system');
INSERT INTO "JONSNOW"."ROLE" (ROLE_NAME, ROLE_DESCRIPTION) VALUES ('COACH', 'He is practiced by training customers. Has the right to collect a team of customers.');
INSERT INTO "JONSNOW"."ROLE" (ROLE_NAME, ROLE_DESCRIPTION) VALUES ('CLIENT', 'He trains in the sports complex. Has the right to apply for membership, pay the subscription according to the tariff plan.');
INSERT INTO "JONSNOW"."ROLE" (ROLE_NAME, ROLE_DESCRIPTION) VALUES ('GUEST', 'He examines the sports complex thinking about buying a subscription.');
--INSERT TARIF
INSERT INTO "JONSNOW"."TARIFF" (TARIFF_NAME, TARIFF_PRICE, TARIFF_SUBSCRIPTION_TIME) VALUES ('Basic', '500', 'Month');
INSERT INTO "JONSNOW"."TARIFF" (TARIFF_NAME, TARIFF_PRICE, TARIFF_SUBSCRIPTION_TIME) VALUES ('Medium', '700', 'Month');
INSERT INTO "JONSNOW"."TARIFF" (TARIFF_NAME, TARIFF_PRICE, TARIFF_SUBSCRIPTION_TIME) VALUES ('Hard', '900', 'Month');
INSERT INTO "JONSNOW"."TARIFF" (TARIFF_NAME, TARIFF_PRICE, TARIFF_SUBSCRIPTION_TIME) VALUES ('Very hard', '1100', 'Month');
--INSERT USER
INSERT INTO "JONSNOW"."User" (USER_ID, EMAIL, ROLE_NAME_FK, FIRST_NAME, SECOND_NAME, LAST_NAME, BIRTHDAY, USER_ADDRESS, PHONE_NUMBER, MED_DOC, PASSWORD) VALUES ('972854314', 'batman@example.com', 'ADMIN', 'Володимир', 'Іванович', 'Мельник', TO_DATE('1990-04-01 10:46:01', 'YYYY-MM-DD HH24:MI:SS'), 'м. Київ, пров. Ковальський, 5', '380000000000', empty_blob(), 'qwerty');
--UPDATE "JONSNOW"."User" SET MED_DOC=? WHERE ROWID=:sqldevrowid AND ORA_ROWSCN=:sqldevrowscn
INSERT INTO "JONSNOW"."User" (USER_ID, EMAIL, ROLE_NAME_FK, FIRST_NAME, SECOND_NAME, LAST_NAME, BIRTHDAY, USER_ADDRESS, PHONE_NUMBER, MED_DOC, SPORT_RANK, PASSWORD) VALUES ('1108688006', 'superman@example.com', 'COACH', 'Микола', 'Іванович', 'Шевченко', TO_DATE('1990-05-01 10:46:01', 'YYYY-MM-DD HH24:MI:SS'), 'м. Київ, пров. Ковальський, 5', '380000000000', empty_blob(), 'MASTER', 'qwerty1');
INSERT INTO "JONSNOW"."User" (USER_ID, EMAIL, ROLE_NAME_FK, FIRST_NAME, SECOND_NAME, LAST_NAME, BIRTHDAY, USER_ADDRESS, PHONE_NUMBER, MED_DOC, PASSWORD) VALUES ('1837647721', 'drstrange@example.com', 'CLIENT', 'Іван', 'Русланович', 'Ткаченко', TO_DATE('1990-06-01 10:46:01', 'YYYY-MM-DD HH24:MI:SS'), 'м. Київ, пров. Ковальський, 5', '380000000000', empty_blob(), 'qwerty2');
INSERT INTO "JONSNOW"."User" (USER_ID, EMAIL, ROLE_NAME_FK, FIRST_NAME, SECOND_NAME, LAST_NAME, BIRTHDAY, USER_ADDRESS, PHONE_NUMBER, MED_DOC, PASSWORD) VALUES ('2028434638', 'drwho@example.com', 'GUEST', 'Олександр', 'Миколайович', 'Коваленко', TO_DATE('1990-07-01 10:46:01', 'YYYY-MM-DD HH24:MI:SS'), 'м. Київ, пров. Ковальський, 5', '380000000000', empty_blob(), 'qwerty3');
INSERT INTO "JONSNOW"."User" (USER_ID, EMAIL, ROLE_NAME_FK, FIRST_NAME, SECOND_NAME, LAST_NAME, BIRTHDAY, USER_ADDRESS, PHONE_NUMBER, MED_DOC, SPORT_RANK, PASSWORD) VALUES ('188114522', 'flash@example.com', 'COACH', 'Тарас', 'Іванович', 'Олійник', TO_DATE('1990-10-01 10:46:01', 'YYYY-MM-DD HH24:MI:SS'), 'м. Київ, пров. Ковальський, 5', '380000000000', empty_blob(), 'MASTER', 'qwerty4');
INSERT INTO "JONSNOW"."User" (USER_ID, EMAIL, ROLE_NAME_FK, FIRST_NAME, SECOND_NAME, LAST_NAME, BIRTHDAY, USER_ADDRESS, PHONE_NUMBER, MED_DOC, PASSWORD) VALUES ('561595845', 'spyderman@example.com', 'CLIENT', 'Іван', 'Іванович', 'Ткаченко', TO_DATE('1990-06-01 10:46:01', 'YYYY-MM-DD HH24:MI:SS'), 'м. Київ, пров. Ковальський, 5', '380000000000', empty_blob(), 'qwerty5');
INSERT INTO "JONSNOW"."User" (USER_ID, EMAIL, ROLE_NAME_FK, FIRST_NAME, SECOND_NAME, LAST_NAME, BIRTHDAY, USER_ADDRESS, PHONE_NUMBER, MED_DOC, SPORT_RANK, PASSWORD) VALUES ('551833068', 'turtle@example.com', 'COACH', 'Микола', 'Іванович', 'Олійник', TO_DATE('1991-10-01 10:46:01', 'YYYY-MM-DD HH24:MI:SS'), 'м. Київ, пров. Ковальський, 5', '380000000000', empty_blob(), 'MASTER', 'qwerty6');
INSERT INTO "JONSNOW"."User" (USER_ID, EMAIL, ROLE_NAME_FK, FIRST_NAME, SECOND_NAME, LAST_NAME, BIRTHDAY, USER_ADDRESS, PHONE_NUMBER, MED_DOC, PASSWORD) VALUES ('1977271934', 'bear@example.com', 'CLIENT', 'Іван', 'Іванович', 'Іванов', TO_DATE('1993-06-01 10:46:01', 'YYYY-MM-DD HH24:MI:SS'), 'м. Київ, пров. Ковальський, 5', '380000000000', empty_blob(), 'qwerty7');
INSERT INTO "JONSNOW"."User" (USER_ID, EMAIL, ROLE_NAME_FK, FIRST_NAME, SECOND_NAME, LAST_NAME, BIRTHDAY, USER_ADDRESS, PHONE_NUMBER, MED_DOC, SPORT_RANK, PASSWORD) VALUES ('1259314178', 'cup@example.com', 'COACH', 'Микола', 'Іванович', 'Кравченко', TO_DATE('1995-10-01 10:46:01', 'YYYY-MM-DD HH24:MI:SS'), 'м. Київ, пров. Ковальський, 5', '380000000000', empty_blob(), 'MASTER', 'qwerty8');
INSERT INTO "JONSNOW"."User" (USER_ID, EMAIL, ROLE_NAME_FK, FIRST_NAME, SECOND_NAME, LAST_NAME, BIRTHDAY, USER_ADDRESS, PHONE_NUMBER, MED_DOC, PASSWORD) VALUES ('2017854392', 'yellowbox@example.com', 'CLIENT', 'Василь', 'Іванович', 'Бондаренко', TO_DATE('1989-06-01 10:46:01', 'YYYY-MM-DD HH24:MI:SS'), 'м. Київ, пров. Ковальський, 5', '380000000000', empty_blob(), 'qwerty9');
--INSERT TARIF_PLAN
INSERT INTO "JONSNOW"."TARIFF_PLAN" (TARIFF_NAME_FK, USER_ID_FK, PAY_DATE) VALUES ('Basic', '1837647721', TO_DATE('2017-11-01 08:46:01', 'YYYY-MM-DD HH24:MI:SS'));
INSERT INTO "JONSNOW"."TARIFF_PLAN" (TARIFF_NAME_FK, USER_ID_FK, PAY_DATE) VALUES ('Medium', '561595845', TO_DATE('2017-11-01 09:46:01', 'YYYY-MM-DD HH24:MI:SS'));
INSERT INTO "JONSNOW"."TARIFF_PLAN" (TARIFF_NAME_FK, USER_ID_FK, PAY_DATE) VALUES ('Hard', '1977271934', TO_DATE('2017-11-01 10:46:01', 'YYYY-MM-DD HH24:MI:SS'));
INSERT INTO "JONSNOW"."TARIFF_PLAN" (TARIFF_NAME_FK, USER_ID_FK, PAY_DATE) VALUES ('Very hard', '2017854392', TO_DATE('2017-11-01 11:46:01', 'YYYY-MM-DD HH24:MI:SS'));
--INSERT TEAM
INSERT INTO "JONSNOW"."TEAM" (COACH_ID_FK, MEMBER_ID_FK, TEAM_NAME) VALUES ('1108688006', '1837647721', 'Sharks');
INSERT INTO "JONSNOW"."TEAM" (COACH_ID_FK, MEMBER_ID_FK, TEAM_NAME) VALUES ('188114522', '561595845', 'Sea Bears');
INSERT INTO "JONSNOW"."TEAM" (COACH_ID_FK, MEMBER_ID_FK, TEAM_NAME) VALUES ('551833068', '1977271934', 'Sea lions');
INSERT INTO "JONSNOW"."TEAM" (COACH_ID_FK, MEMBER_ID_FK, TEAM_NAME) VALUES ('1259314178', '2017854392', 'Sea Cows');
--INSERT SCHEDULE
INSERT INTO "JONSNOW"."SCHEDULE" (LINE_ID_FK, MEMBER_ID_FK, COACH_ID_FK, TEAM_NAME_FK, DAY, TIME) VALUES ('1267067617', '1837647721', '1108688006', 'Sharks', TO_DATE('2017-11-30 10:14:02', 'YYYY-MM-DD HH24:MI:SS'), TO_DATE('2017-11-30 10:14:44', 'YYYY-MM-DD HH24:MI:SS'));
INSERT INTO "JONSNOW"."SCHEDULE" (LINE_ID_FK, MEMBER_ID_FK, COACH_ID_FK, TEAM_NAME_FK, DAY, TIME) VALUES ('1300944187', '561595845', '188114522', 'Sea Bears', TO_DATE('2017-11-30 10:14:22', 'YYYY-MM-DD HH24:MI:SS'), TO_DATE('2017-11-30 10:14:54', 'YYYY-MM-DD HH24:MI:SS'));
INSERT INTO "JONSNOW"."SCHEDULE" (LINE_ID_FK, MEMBER_ID_FK, COACH_ID_FK, TEAM_NAME_FK, DAY, TIME) VALUES ('165915966', '1977271934', '551833068', 'Sea lions', TO_DATE('2017-11-30 10:14:29', 'YYYY-MM-DD HH24:MI:SS'), TO_DATE('2017-11-30 10:15:00', 'YYYY-MM-DD HH24:MI:SS'));
INSERT INTO "JONSNOW"."SCHEDULE" (LINE_ID_FK, MEMBER_ID_FK, COACH_ID_FK, TEAM_NAME_FK, DAY, TIME) VALUES ('1811142220', '2017854392', '1259314178', 'Sea Cows', TO_DATE('2017-11-30 10:14:37', 'YYYY-MM-DD HH24:MI:SS'), TO_DATE('2017-11-30 10:15:07', 'YYYY-MM-DD HH24:MI:SS'));
